Layer	Feature	Classes/Functions	Android	iOS	WP7	BBy	J2ME	Moblin	MoRE	Sym	WinMo	Notes
C++	Advertising	Ads::Banner	Yes	Yes	No	N/A	N/A	N/A	N/A	N/A	N/A	NONE
C++	Advertising	Ads::BannerListener	Yes	Yes	No	N/A	N/A	N/A	N/A	N/A	N/A	NONE
C	Advertising	maAdsAddBannerToLayout	Yes	Yes	No	No	N/A	No	No	No	No	NONE
C	Advertising	maAdsBannerCreate	Yes	Yes	No	No	N/A	No	No	No	No	NONE
C	Advertising	maAdsBannerDestroy	Yes	Yes	No	No	N/A	No	No	No	No	NONE
C	Advertising	maAdsBannerGetProperty	Yes	Yes	No	No	N/A	No	No	No	No	NONE
C	Advertising	maAdsBannerSetProperty	Yes	Yes	No	No	N/A	No	No	No	No	NONE
C	Advertising	maAdsRemoveBannerFromLayout	Yes	Yes	No	No	N/A	No	No	No	No	NONE
C	Audio	maAudioDataCreateFromResource	Yes	Yes	No	No	No	No	No	No	No	NONE
C	Audio	maAudioDataCreateFromURL (file:///)	Yes	Yes	No	No	No	No	No	No	No	NONE
C	Audio	maAudioDataCreateFromURL (http/https)	Yes	No	No	No	No	No	No	No	No	NONE
C	Audio	maAudioDataDestroy	Yes	Yes	No	No	No	No	No	No	No	NONE
C	Audio	maAudioGetLength	Yes	Yes	No	No	No	No	No	No	No	NONE
C	Audio	maAudioGetPosition	Yes	Yes	No	No	No	No	No	No	No	NONE
C	Audio	maAudioInstanceCreate	Yes	Yes	No	No	No	No	No	No	No	NONE
C	Audio	maAudioInstanceDestroy	Yes	Yes	No	No	No	No	No	No	No	NONE
C	Audio	maAudioPause	Yes	Yes	No	No	No	No	No	No	No	NONE
C	Audio	maAudioPlay	Yes	Yes	No	No	No	No	No	No	No	NONE
C	Audio	maAudioPrepare	Yes	Yes	No	No	No	No	No	No	No	NONE
C	Audio	maAudioSetNumberOfLoops	Yes	Yes	No	No	No	No	No	No	No	NONE
C	Audio	maAudioSetPosition	Yes	Yes	No	No	No	No	No	No	No	NONE
C	Audio	maAudioSetVolume	Yes	Yes	No	No	No	No	No	No	No	NONE
C	Audio	maAudioStop	Yes	Yes	No	No	No	No	No	No	No	NONE
C	Battery	maGetBatteryCharge	No	Yes	No	No	No	No	N/A	Yes	Yes	NONE
C	Bluetooth	maBtCancelDiscovery	Yes	N/A	N/A	Yes	Yes	Yes	Yes	Yes	Yes	NONE
C	Bluetooth	maBtGetNewDevice	Yes	N/A	N/A	Yes	Yes	Yes	Yes	Yes	Yes	NONE
C	Bluetooth	maBtGetNewService	No	N/A	N/A	Yes	Yes	Yes	Yes	Yes	Yes	NONE
C	Bluetooth	maBtGetNextServiceSize	No	N/A	N/A	Yes	Yes	Yes	Yes	Yes	Yes	NONE
C	Bluetooth	maBtStartDeviceDiscovery	Yes	N/A	N/A	Yes	Yes	Yes	Yes	Yes	Yes	NONE
C	Bluetooth	maBtStartServiceDiscovery	No	N/A	N/A	Yes	Yes	Yes	Yes	Yes	Yes	NONE
C++	Bluetooth	MAUtil::BluetoothConnection	Yes	N/A	N/A	Yes	Yes	Yes	Yes	Yes	Yes	NONE
C++	Bluetooth	MAUtil::BluetoothDeviceDiscoveryListener	Yes	N/A	N/A	Yes	Yes	Yes	Yes	Yes	Yes	NONE
C++	Bluetooth	MAUtil::BluetoothDiscoverer	Yes	N/A	N/A	Yes	Yes	Yes	Yes	Yes	Yes	NONE
C++	Bluetooth	MAUtil::BluetoothListener	Yes	N/A	N/A	Yes	Yes	Yes	Yes	Yes	Yes	NONE
C++	Bluetooth	MAUtil::BluetoothServiceDiscoveryListener	No	N/A	N/A	Yes	Yes	Yes	Yes	Yes	Yes	NONE
C++	Bluetooth	MAUtil::BtDevice	Yes	N/A	N/A	Yes	Yes	Yes	Yes	Yes	Yes	NONE
C++	Bluetooth	MAUtil::BtService	No	N/A	N/A	Yes	Yes	Yes	Yes	Yes	Yes	NONE
C	Camera	maCameraFormat	Yes	No	Yes	No	Yes	No	No	Yes	No	NONE
C	Camera	maCameraFormatNumber	Yes	No	Yes	No	Yes	No	No	Yes	No	NONE
C	Camera	maCameraGetProperty	Yes	Yes	Yes	No	No	No	No	No	No	NONE
C	Camera	maCameraNumber	Yes	Yes	Yes	No	No	No	No	No	No	NONE
C	Camera	maCameraRecord	No	No	No	No	No	No	No	No	No	NONE
C	Camera	maCameraSelect	Yes	Yes	Yes	No	No	No	No	No	No	NONE
C	Camera	maCameraSetPreview	Yes	Yes	Yes	No	No	No	No	No	No	NONE
C	Camera	maCameraSetProperty	Yes	Yes	Yes	No	No	No	No	No	No	NONE
C	Camera	maCameraSnapshot	Yes	Yes	Yes	No	Yes	No	No	Yes	No	NONE
C	Camera	maCameraStart	Yes	Yes	Yes	No	Yes	No	No	Yes	No	NONE
C	Camera	maCameraStop	Yes	Yes	Yes	No	Yes	No	No	Yes	No	NONE
HTML5	Capture	capture.captureImage	Yes	Yes	No	No	N/A	N/A	N/A	N/A	N/A	NONE
HTML5	Capture	capture.captureVideo	Yes	Yes	No	No	N/A	N/A	N/A	N/A	N/A	NONE
C	Capture	maCaptureAction	Yes	Yes	No	N/A	N/A	N/A	N/A	N/A	N/A	NONE
C	Capture	maCaptureDestroyData	Yes	Yes	No	N/A	N/A	N/A	N/A	N/A	N/A	NONE
C	Capture	maCaptureGetImagePath	Yes	N/A	No	N/A	N/A	N/A	N/A	N/A	N/A	NONE
C	Capture	maCaptureGetProperty	Yes	Yes	No	N/A	N/A	N/A	N/A	N/A	N/A	NONE
C	Capture	maCaptureGetVideoPath	Yes	Yes	No	N/A	N/A	N/A	N/A	N/A	N/A	NONE
C	Capture	maCaptureSetProperty	Yes	Yes	No	N/A	N/A	N/A	N/A	N/A	N/A	NONE
C	Capture	maCaptureWriteImage	Yes	Yes	No	N/A	N/A	N/A	N/A	N/A	N/A	NONE
C++	Collections	MAUtil::HashDict Key, Function	Yes	Yes	Yes	Yes	Yes	Yes	Yes	Yes	Yes	NONE
C++	Collections	MAUtil::HashDict Key, Storage  ::ConstIterator	Yes	Yes	Yes	Yes	Yes	Yes	Yes	Yes	Yes	NONE
C++	Collections	MAUtil::HashDict Key, Storage  ::HashNode	Yes	Yes	Yes	Yes	Yes	Yes	Yes	Yes	Yes	NONE
C++	Collections	MAUtil::HashDict Key, Storage  ::Iterator	Yes	Yes	Yes	Yes	Yes	Yes	Yes	Yes	Yes	NONE
C++	Collections	MAUtil::HashMap Key, Value	Yes	Yes	Yes	Yes	Yes	Yes	Yes	Yes	Yes	NONE
C++	Collections	MAUtil::HashSet Key	Yes	Yes	Yes	Yes	Yes	Yes	Yes	Yes	Yes	NONE
C++	Collections	MAUtil::List Type	Yes	Yes	Yes	Yes	Yes	Yes	Yes	Yes	Yes	NONE
C++	Collections	MAUtil::List Type  ::ConstListIterator	Yes	Yes	Yes	Yes	Yes	Yes	Yes	Yes	Yes	NONE
C++	Collections	MAUtil::List Type  ::ListIterator	Yes	Yes	Yes	Yes	Yes	Yes	Yes	Yes	Yes	NONE
C++	Collections	MAUtil::List Type  ::ListNode	Yes	Yes	Yes	Yes	Yes	Yes	Yes	Yes	Yes	NONE
C++	Collections	MAUtil::ListenerSet T	Yes	Yes	Yes	Yes	Yes	Yes	Yes	Yes	Yes	NONE
C++	Collections	MAUtil::ListenerSet T  ::iterator	Yes	Yes	Yes	Yes	Yes	Yes	Yes	Yes	Yes	NONE
C++	Collections	MAUtil::Map Key, Value	Yes	Yes	Yes	Yes	Yes	Yes	Yes	Yes	Yes	NONE
C++	Collections	MAUtil::Pair F, Value	Yes	Yes	Yes	Yes	Yes	Yes	Yes	Yes	Yes	NONE
C++	Collections	MAUtil::Pair F, Value	Yes	Yes	Yes	Yes	Yes	Yes	Yes	Yes	Yes	NONE
C++	Collections	MAUtil::Set Key	Yes	Yes	Yes	Yes	Yes	Yes	Yes	Yes	Yes	NONE
C++	Collections	MAUtil::Stack T	Yes	Yes	Yes	Yes	Yes	Yes	Yes	Yes	Yes	NONE
C++	Collections	MAUtil::Vector Type	Yes	Yes	Yes	Yes	Yes	Yes	Yes	Yes	Yes	NONE
HTML5	Connection	connection.type	Yes	Yes	Yes	No	N/A	N/A	N/A	N/A	N/A	NONE
C	Connection	maAccept	Yes	No	N/A	Yes	Yes	No	Yes	Yes	No	NONE
C	Connection	maConnClose	Yes	Yes	Yes	Yes	Yes	Yes	Yes	Yes	Yes	NONE
C	Connection	maConnGetAddr	Yes	Yes	Yes	Yes	Yes	Yes	Yes	Yes	Yes	NONE
C	Connection	maConnRead	Yes	Yes	Yes	Yes	Yes	Yes	Yes	Yes	Yes	NONE
C	Connection	maConnReadToData	Yes	Yes	Yes	Yes	Yes	Yes	Yes	Yes	Yes	NONE
C	Connection	maConnWrite	Yes	Yes	Yes	Yes	Yes	Yes	Yes	Yes	Yes	NONE
C	Connection	maConnWriteFromData	Yes	Yes	Yes	Yes	Yes	Yes	Yes	Yes	Yes	NONE
C++	Connection	MAUtil::Connection	Yes	Yes	Yes	Yes	Yes	Yes	Yes	Yes	Yes	NONE
C++	Connection	MAUtil::ConnectionListener	Yes	Yes	Yes	Yes	Yes	Yes	Yes	Yes	Yes	NONE
C++	Connection	MAUtil::ConnListener	Yes	Yes	Yes	Yes	Yes	Yes	Yes	Yes	Yes	NONE
C++	Connection	MAUtil::HttpConnection	Yes	Yes	Yes	Yes	Yes	Yes	Yes	Yes	Yes	NONE
C++	Connection	MAUtil::HttpConnectionListener	Yes	Yes	Yes	Yes	Yes	Yes	Yes	Yes	Yes	NONE
C	Connections	maHttpCreate	Yes	Yes	Yes	Yes	Yes	Yes	Yes	Yes	Yes	NONE
C	Connections	maHttpFinish	Yes	Yes	Yes	Yes	Yes	Yes	Yes	Yes	Yes	NONE
C	Connections	maHttpGetResponseHeader	Yes	Yes	Yes	Yes	Yes	Yes	Yes	Yes	Yes	NONE
C	Connections	maHttpSetRequestHeader	Yes	Yes	Yes	Yes	Yes	Yes	Yes	Yes	Yes	NONE
C	Connections	maHttpSetRequestHeader	Yes	Yes	Yes	Yes	Yes	Yes	Yes	Yes	Yes	NONE
C	Debugging	maDumpCallStackEx	No	No	No	No	No	No	Yes	No	No	NONE
C	Debugging	maProtectMemory	No	No	No	No	No	No	Yes	No	No	NONE
C	Debugging	maReportCallStack	No	No	No	No	No	No	Yes	No	No	NONE
C	Debugging	maReportResourceInformation	No	Yes	No	No	No	No	No	No	No	NONE
C	Debugging	maSetMemoryProtection	No	No	No	No	No	No	Yes	No	No	NONE
C	Debugging	maWriteLog	Yes	Yes	Yes	Yes	Yes	Yes	Yes	Yes	Yes	NONE
C++	Dictionary	MAUtil::Dictionary Key, Storage	Yes	Yes	Yes	Yes	Yes	Yes	Yes	Yes	Yes	NONE
C++	Dictionary	MAUtil::Dictionary Key, Storage ::ConstIterator	Yes	Yes	Yes	Yes	Yes	Yes	Yes	Yes	Yes	NONE
C++	Dictionary	MAUtil::Dictionary Key, Storage ::DictNode	Yes	Yes	Yes	Yes	Yes	Yes	Yes	Yes	Yes	NONE
C++	Dictionary	MAUtil::Dictionary Key, Storage ::Iterator	Yes	Yes	Yes	Yes	Yes	Yes	Yes	Yes	Yes	NONE
C++	Download	MAUtil::BuffDownloader	Yes	Yes	Yes	Yes	Yes	Yes	Yes	Yes	Yes	NONE
C++	Download	MAUtil::BuffDownloadListener	Yes	Yes	Yes	Yes	Yes	Yes	Yes	Yes	Yes	NONE
C++	Download	MAUtil::Downloader	Yes	Yes	Yes	Yes	Yes	Yes	Yes	Yes	Yes	NONE
C++	Download	MAUtil::DownloadListener	Yes	Yes	Yes	Yes	Yes	Yes	Yes	Yes	Yes	NONE
C++	Download	Wormhole::HighLevelBinaryDownloader	Yes	Yes	Yes	Yes	Yes	Yes	Yes	Yes	Yes	NONE
C++	Download	Wormhole::HighLevelHttpConnection	Yes	Yes	Yes	Yes	Yes	Yes	Yes	Yes	Yes	NONE
C++	Download	Wormhole::HighLevelImageDownloader	Yes	Yes	Yes	Yes	Yes	Yes	Yes	Yes	Yes	NONE
C++	Download	Wormhole::HighLevelTextDownloader	Yes	Yes	Yes	Yes	Yes	Yes	Yes	Yes	Yes	NONE
C	Event	maAlert	Yes	Yes	Yes	No	No	No	No	No	No	NONE
C	Event	maGetEvent	Yes	Yes	Yes	Yes	Yes	Yes	Yes	Yes	Yes	NONE
C	Event	maSyscallPanicsDisable	Yes	Yes	No	No	No	No	Yes	No	No	NONE
C	Event	maSyscallPanicsEnable	Yes	Yes	No	No	No	No	Yes	No	No	NONE
C++	Events	MAUtil::CloseListener	Yes	Yes	Yes	Yes	Yes	Yes	Yes	Yes	Yes	NONE
C++	Events	MAUtil::CustomEventListener	Yes	Yes	Yes	Yes	Yes	Yes	Yes	Yes	Yes	NONE
C	Extensions	maInvokeExtension	No	No	No	No	No	No	No	No	No	NONE
HTML5	File	File*	Yes	Yes	Yes	No	N/A	N/A	N/A	N/A	N/A	Yes = W3C compliant
C++	File	FileLister	Yes	Yes	Yes	Yes	Yes	Yes	Yes	Yes	Yes	NONE
C	File	maFileAvailableSpace	Yes	Yes	Yes	Yes	Yes	Yes	Yes	Yes	Yes	NONE
C	File	maFileDate	Yes	Yes	Yes	Yes	Yes	Yes	Yes	Yes	Yes	NONE
C	File	maFileDelete	Yes	Yes	Yes	Yes	Yes	Yes	Yes	Yes	Yes	NONE
C	File	maFileExists	Yes	Yes	Yes	Yes	Yes	Yes	Yes	Yes	Yes	NONE
C	File	maFileListClose	Yes	Yes	Yes	Yes	Yes	Yes	Yes	Yes	Yes	NONE
C	File	maFileListNext	Yes	Yes	Yes	Yes	Yes	Yes	Yes	Yes	Yes	NONE
C	File	maFileListStart	Yes	Yes	Yes	Yes	Yes	Yes	Yes	Yes	Yes	NONE
C	File	maFileOpen	Yes	Yes	Yes	Yes	Yes	Yes	Yes	Yes	Yes	NONE
C	File	maFileRead	Yes	Yes	Yes	Yes	Yes	Yes	Yes	Yes	Yes	NONE
C	File	maFileReadToData	Yes	Yes	Yes	Yes	Yes	Yes	Yes	Yes	Yes	NONE
C	File	maFileRename	Yes	Yes	Yes	Yes	Yes	Yes	Yes	Yes	Yes	NONE
C	File	maFileSeek	Yes	Yes	Yes	Yes	Yes	Yes	Yes	Yes	Yes	NONE
C	File	maFileSize	Yes	Yes	Yes	Yes	Yes	Yes	Yes	Yes	Yes	NONE
C	File	maFileTell	Yes	Yes	Yes	Yes	Yes	Yes	Yes	Yes	Yes	NONE
C	File	maFileTotalSpace	Yes	Yes	Yes	Yes	Yes	Yes	Yes	Yes	Yes	NONE
C	File	maFileTruncate	Yes	Yes	Yes	Yes	Yes	Yes	Yes	Yes	Yes	NONE
C	File	maFileWrite	Yes	Yes	Yes	Yes	Yes	Yes	Yes	Yes	Yes	NONE
C	File	maFileWriteFromData	Yes	Yes	Yes	Yes	Yes	Yes	Yes	Yes	Yes	NONE
C	File	maGetTextSize	Yes	Yes	Yes	Yes	Yes	Yes	Yes	Yes	Yes	NONE
C	File	maGetTextSizeW	Yes	Yes	Yes	Yes	Yes	Yes	Yes	Yes	Yes	NONE
C++	File	Wormhole::FileUtil	Yes	Yes	No	N/A	N/A	N/A	N/A	N/A	N/A	NONE
C	Font	maFontDelete	Yes	Yes	Yes	No	No	No	No	No	No	NONE
C	Font	maFontGetCount	Yes	Yes	Yes	No	No	No	No	No	No	NONE
C	Font	maFontGetName	Yes	Yes	Yes	No	No	No	No	No	No	NONE
C	Font	maFontLoadDefault	Yes	Yes	Yes	No	No	No	No	No	No	NONE
C	Font	maFontLoadWithName	Yes	Yes	Yes	No	No	No	No	No	No	NONE
C	Font	maFontSetCurrent	Yes	Yes	Yes	No	No	No	No	No	No	NONE
C	Framebuffer	maFrameBufferClose	Yes	Yes	Yes	Yes	Yes	Yes	Yes	Yes	Yes	NONE
C	Framebuffer	maFrameBufferGetInfo	Yes	Yes	Yes	Yes	Yes	Yes	Yes	Yes	Yes	NONE
C	Framebuffer	maFrameBufferInit	Yes	Yes	Yes	Yes	Yes	Yes	Yes	Yes	Yes	NONE
C	Graphics	maCreateDrawableImage	Yes	Yes	Yes	Yes	Yes	Yes	Yes	Yes	Yes	NONE
C	Graphics	maCreateImageFromData	Yes	Yes	Yes	Yes	Yes	Yes	Yes	Yes	Yes	NONE
C	Graphics	maCreateImageRaw	Yes	Yes	Yes	Yes	Yes	Yes	Yes	Yes	Yes	NONE
C	Graphics	maDrawImage	Yes	Yes	Yes	Yes	Yes	Yes	Yes	Yes	Yes	NONE
C	Graphics	maDrawImageRegion	Yes	Yes	Yes	Yes	Yes	Yes	Yes	Yes	Yes	NONE
C	Graphics	maDrawRGB	Yes	Yes	Yes	Yes	Yes	Yes	Yes	Yes	Yes	NONE
C	Graphics	maDrawText	Yes	Yes	Yes	Yes	Yes	Yes	Yes	Yes	Yes	NONE
C	Graphics	maDrawTextW	Yes	Yes	Yes	Yes	Yes	Yes	Yes	Yes	Yes	NONE
C	Graphics	maFillRect	Yes	Yes	Yes	Yes	Yes	Yes	Yes	Yes	Yes	NONE
C	Graphics	maFillTriangleFan	Yes	Yes	Yes	Yes	Yes	Yes	Yes	Yes	Yes	NONE
C	Graphics	maFillTriangleStrip	Yes	Yes	Yes	Yes	Yes	Yes	Yes	Yes	Yes	NONE
C	Graphics	maGetClipRect	Yes	Yes	Yes	Yes	Yes	Yes	Yes	Yes	Yes	NONE
C	Graphics	maGetImageData	Yes	Yes	Yes	Yes	Yes	Yes	Yes	Yes	Yes	NONE
C	Graphics	maGetImageSize	Yes	Yes	Yes	Yes	Yes	Yes	Yes	Yes	Yes	NONE
C	Graphics	maGetScrSize	Yes	Yes	Yes	Yes	Yes	Yes	Yes	Yes	Yes	NONE
C	Graphics	maLine	Yes	Yes	Yes	Yes	Yes	Yes	Yes	Yes	Yes	NONE
C	Graphics	maPlot	Yes	Yes	Yes	Yes	Yes	Yes	Yes	Yes	Yes	NONE
C	Graphics	maSetClipRect	Yes	Yes	Yes	Yes	Yes	Yes	Yes	Yes	Yes	NONE
C	Graphics	maSetColor	Yes	Yes	Yes	Yes	Yes	Yes	Yes	Yes	Yes	NONE
C	Graphics	maSetDrawTarget	Yes	Yes	Yes	Yes	Yes	Yes	Yes	Yes	Yes	NONE
C	Graphics	maUpdateScreen	Yes	Yes	Yes	Yes	Yes	Yes	Yes	Yes	Yes	NONE
C++	Graphics	MAUtil::Point	Yes	Yes	Yes	Yes	Yes	Yes	Yes	Yes	Yes	NONE
C++	Graphics	MAUtil::Rect	Yes	Yes	Yes	Yes	Yes	Yes	Yes	Yes	Yes	NONE
C++	Input	MAUtil::CharInput	Yes	N/A	N/A	Yes	Yes	Yes	Yes	Yes	Yes	NONE
C++	Input	MAUtil::CharInputListener	Yes	N/A	N/A	Yes	Yes	Yes	Yes	Yes	Yes	NONE
C	Internal	maCheckInterfaceVersion	Yes	Yes	Yes	Yes	Yes	Yes	Yes	Yes	Yes	NONE
C	Internal	maIOCtl	Yes	Yes	Yes	Yes	Yes	Yes	Yes	Yes	Yes	NONE
C++	Internal	MAUtil::RefCounted	Yes	Yes	Yes	Yes	Yes	Yes	Yes	Yes	Yes	NONE
HTML5	Location	geolocation.clearWatch	Yes	Yes	Yes	No	N/A	N/A	N/A	N/A	N/A	Yes = W3C compliant
HTML5	Location	geolocation.getCurrentPosition	Yes	Yes	Yes	No	N/A	N/A	N/A	N/A	N/A	Yes = W3C compliant
HTML5	Location	geolocation.watchPosition	Yes	Yes	Yes	No	N/A	N/A	N/A	N/A	N/A	Yes = W3C compliant
C	Location	maLocationStart	Yes	Yes	Yes	Yes	Yes	Yes	Yes	Yes	Yes	NONE
C	Location	maLocationStop	Yes	Yes	Yes	Yes	Yes	Yes	Yes	Yes	Yes	NONE
C++	Maps	MAP::CloudMadeMapSource	Yes	Yes	Yes	Yes	Yes	Yes	Yes	Yes	Yes	NONE
C++	Maps	MAP::GeoPoint	Yes	Yes	Yes	Yes	Yes	Yes	Yes	Yes	Yes	NONE
C++	Maps	MAP::GeoPointDataSource	Yes	Yes	Yes	Yes	Yes	Yes	Yes	Yes	Yes	NONE
C++	Maps	MAP::GeoPointLayer	Yes	Yes	Yes	Yes	Yes	Yes	Yes	Yes	Yes	NONE
C++	Maps	MAP::GeoPointLayerRenderer	Yes	Yes	Yes	Yes	Yes	Yes	Yes	Yes	Yes	NONE
C++	Maps	MAP::GoogleMapSource	Yes	Yes	Yes	Yes	Yes	Yes	Yes	Yes	Yes	NONE
C++	Maps	MAP::IGeoPointDataSourceListener	Yes	Yes	Yes	Yes	Yes	Yes	Yes	Yes	Yes	NONE
C++	Maps	MAP::IGeoPointLayerListener	Yes	Yes	Yes	Yes	Yes	Yes	Yes	Yes	Yes	NONE
C++	Maps	MAP::ILayerListener	Yes	Yes	Yes	Yes	Yes	Yes	Yes	Yes	Yes	NONE
C++	Maps	MAP::ILayerMapViewportListener	Yes	Yes	Yes	Yes	Yes	Yes	Yes	Yes	Yes	NONE
C++	Maps	MAP::IMapCacheListener	Yes	Yes	Yes	Yes	Yes	Yes	Yes	Yes	Yes	NONE
C++	Maps	MAP::IMapSourceListener	Yes	Yes	Yes	Yes	Yes	Yes	Yes	Yes	Yes	NONE
C++	Maps	MAP::IMapViewportListener	Yes	Yes	Yes	Yes	Yes	Yes	Yes	Yes	Yes	NONE
C++	Maps	MAP::Layer	Yes	Yes	Yes	Yes	Yes	Yes	Yes	Yes	Yes	NONE
C++	Maps	MAP::LayerMapViewport	Yes	Yes	Yes	Yes	Yes	Yes	Yes	Yes	Yes	NONE
C++	Maps	MAP::LonLatT MagnificationT	Yes	Yes	Yes	Yes	Yes	Yes	Yes	Yes	Yes	NONE
C++	Maps	MAP::MagnificationType	Yes	Yes	Yes	Yes	Yes	Yes	Yes	Yes	Yes	NONE
C++	Maps	MAP::MapCache	Yes	Yes	Yes	Yes	Yes	Yes	Yes	Yes	Yes	NONE
C++	Maps	MAP::MapSource	Yes	Yes	Yes	Yes	Yes	Yes	Yes	Yes	Yes	NONE
C++	Maps	MAP::MapTile	Yes	Yes	Yes	Yes	Yes	Yes	Yes	Yes	Yes	NONE
C++	Maps	MAP::MapTileCoordinate	Yes	Yes	Yes	Yes	Yes	Yes	Yes	Yes	Yes	NONE
C++	Maps	MAP::MapViewport	Yes	Yes	Yes	Yes	Yes	Yes	Yes	Yes	Yes	NONE
C++	Maps	MAP::MapWidget	Yes	Yes	Yes	Yes	Yes	Yes	Yes	Yes	Yes	NONE
C++	Maps	MAP::OpenStreetMapSource	Yes	Yes	Yes	Yes	Yes	Yes	Yes	Yes	Yes	NONE
C++	Maps	MAP::PixelCoordinateT MagnificationT	Yes	Yes	Yes	Yes	Yes	Yes	Yes	Yes	Yes	NONE
C++	Maps	MAP::TraceScope	Yes	Yes	Yes	Yes	Yes	Yes	Yes	Yes	Yes	NONE
C++	Maps	MAPUtil::Broadcaster T	Yes	Yes	Yes	Yes	Yes	Yes	Yes	Yes	Yes	NONE
C++	Maps	MAPUtil::Color	Yes	Yes	Yes	Yes	Yes	Yes	Yes	Yes	Yes	NONE
C++	Maps	MAPUtil::DateTime	Yes	Yes	Yes	Yes	Yes	Yes	Yes	Yes	Yes	NONE
C++	Maps	MAPUtil::Enumerator T	Yes	Yes	Yes	Yes	Yes	Yes	Yes	Yes	Yes	NONE
C++	Maps	MAPUtil::IEnumerable T	Yes	Yes	Yes	Yes	Yes	Yes	Yes	Yes	Yes	NONE
C++	Maps	MAPUtil::MemoryMgr	Yes	Yes	Yes	Yes	Yes	Yes	Yes	Yes	Yes	NONE
C++	Maps	MAPUtil::Queue T	Yes	Yes	Yes	Yes	Yes	Yes	Yes	Yes	Yes	NONE
C++	Maps	MAPUtil::TimeSpan	Yes	Yes	Yes	Yes	Yes	Yes	Yes	Yes	Yes	NONE
C	Math	atanh	No	No	No	No	No	No	No	No	No	Support through IX_GUIDO
C	Math	cos	Yes	Yes	Yes	Yes	Yes	Yes	Yes	Yes	Yes	NONE
C	Math	cosh	No	No	No	No	No	No	No	No	No	Support through IX_GUIDO
C	Math	dcmp	Yes	Yes	Yes	Yes	Yes	Yes	Yes	Yes	Yes	NONE
C	Math	fcmp	Yes	Yes	Yes	Yes	Yes	Yes	Yes	Yes	Yes	NONE
C	Math	sin	Yes	Yes	Yes	Yes	Yes	Yes	Yes	Yes	Yes	NONE
C	Math	sinh	No	No	No	No	No	No	No	No	No	Support through IX_GUIDO
C	Math	sqrt	Yes	Yes	Yes	Yes	Yes	Yes	Yes	Yes	Yes	NONE
C	Math	tan	Yes	Yes	Yes	Yes	Yes	Yes	Yes	Yes	Yes	NONE
C	Math	__adddf3	Yes	Yes	Yes	Yes	Yes	Yes	Yes	Yes	Yes	NONE
C	Math	__addsf3	Yes	Yes	Yes	Yes	Yes	Yes	Yes	Yes	Yes	NONE
C	Math	__divdf3	Yes	Yes	Yes	Yes	Yes	Yes	Yes	Yes	Yes	NONE
C	Math	__divsf3	Yes	Yes	Yes	Yes	Yes	Yes	Yes	Yes	Yes	NONE
C	Math	__extendsfdf2	Yes	Yes	Yes	Yes	Yes	Yes	Yes	Yes	Yes	NONE
C	Math	__fixdfsi	Yes	Yes	Yes	Yes	Yes	Yes	Yes	Yes	Yes	NONE
C	Math	__fixsfsi	Yes	Yes	Yes	Yes	Yes	Yes	Yes	Yes	Yes	NONE
C	Math	__fixunsdfsi	Yes	Yes	Yes	Yes	Yes	Yes	Yes	Yes	Yes	NONE
C	Math	__fixunssfsi	Yes	Yes	Yes	Yes	Yes	Yes	Yes	Yes	Yes	NONE
C	Math	__floatsidf	Yes	Yes	Yes	Yes	Yes	Yes	Yes	Yes	Yes	NONE
C	Math	__floatsisf	Yes	Yes	Yes	Yes	Yes	Yes	Yes	Yes	Yes	NONE
C	Math	__muldf3	Yes	Yes	Yes	Yes	Yes	Yes	Yes	Yes	Yes	NONE
C	Math	__mulsf3	Yes	Yes	Yes	Yes	Yes	Yes	Yes	Yes	Yes	NONE
C	Math	__negdf2	Yes	Yes	Yes	Yes	Yes	Yes	Yes	Yes	Yes	NONE
C	Math	__negsf2	Yes	Yes	Yes	Yes	Yes	Yes	Yes	Yes	Yes	NONE
C	Math	__subdf3	Yes	Yes	Yes	Yes	Yes	Yes	Yes	Yes	Yes	NONE
C	Math	__subsf3	Yes	Yes	Yes	Yes	Yes	Yes	Yes	Yes	Yes	NONE
C	Math	__truncdfsf2	Yes	Yes	Yes	Yes	Yes	Yes	Yes	Yes	Yes	NONE
C++	MAUI	MAUI::AnimatedImage	Yes	Yes	Yes	Yes	Yes	Yes	Yes	Yes	Yes	NONE
C++	MAUI	MAUI::CharDescriptor	Yes	Yes	Yes	Yes	Yes	Yes	Yes	Yes	Yes	NONE
C++	MAUI	MAUI::Charset	Yes	Yes	Yes	Yes	Yes	Yes	Yes	Yes	Yes	NONE
C++	MAUI	MAUI::DefaultInputManager	Yes	Yes	Yes	Yes	Yes	Yes	Yes	Yes	Yes	NONE
C++	MAUI	MAUI::EditBox	Yes	Yes	Yes	Yes	Yes	Yes	Yes	Yes	Yes	NONE
C++	MAUI	MAUI::EditBoxListener	Yes	Yes	Yes	Yes	Yes	Yes	Yes	Yes	Yes	NONE
C++	MAUI	MAUI::Engine	Yes	Yes	Yes	Yes	Yes	Yes	Yes	Yes	Yes	NONE
C++	MAUI	MAUI::Font	Yes	Yes	Yes	Yes	Yes	Yes	Yes	Yes	Yes	NONE
C++	MAUI	MAUI::Image	Yes	Yes	Yes	Yes	Yes	Yes	Yes	Yes	Yes	NONE
C++	MAUI	MAUI::ImageGenerators	Yes	Yes	Yes	Yes	Yes	Yes	Yes	Yes	Yes	NONE
C++	MAUI	MAUI::InputManager	Yes	Yes	Yes	Yes	Yes	Yes	Yes	Yes	Yes	NONE
C++	MAUI	MAUI::ItemSelectedListener	Yes	Yes	Yes	Yes	Yes	Yes	Yes	Yes	Yes	NONE
C++	MAUI	MAUI::Label	Yes	Yes	Yes	Yes	Yes	Yes	Yes	Yes	Yes	NONE
C++	MAUI	MAUI::Layout	Yes	Yes	Yes	Yes	Yes	Yes	Yes	Yes	Yes	NONE
C++	MAUI	MAUI::ListBox	Yes	Yes	Yes	Yes	Yes	Yes	Yes	Yes	Yes	NONE
C++	MAUI	MAUI::Scaler	Yes	Yes	Yes	Yes	Yes	Yes	Yes	Yes	Yes	NONE
C++	MAUI	MAUI::Screen	Yes	Yes	Yes	Yes	Yes	Yes	Yes	Yes	Yes	NONE
C++	MAUI	MAUI::Widget	Yes	Yes	Yes	Yes	Yes	Yes	Yes	Yes	Yes	NONE
C++	MAUI	MAUI::WidgetListener	Yes	Yes	Yes	Yes	Yes	Yes	Yes	Yes	Yes	NONE
C++	MAUI	MAUI::WidgetSkin	Yes	Yes	Yes	Yes	Yes	Yes	Yes	Yes	Yes	NONE
C++	MAUI	MAUI::WidgetSkin::CacheElement	Yes	Yes	Yes	Yes	Yes	Yes	Yes	Yes	Yes	NONE
C++	MAUI	MAUI::WidgetSkin::CacheKey	Yes	Yes	Yes	Yes	Yes	Yes	Yes	Yes	Yes	NONE
C	Memory	maGetMemoryProtection	No	No	No	No	No	No	Yes	No	No	NONE
C	Memory	maTotalObjectMemory	Yes	Yes	No	Yes	Yes	Yes	Yes	Yes	Yes	NONE
C	Memory	maUnprotectMemory	No	No	No	No	No	No	Yes	No	No	NONE
C	Memory	memcpy	Yes	Yes	Yes	Yes	Yes	Yes	Yes	Yes	Yes	NONE
C	Memory	memset	Yes	Yes	Yes	Yes	Yes	Yes	Yes	Yes	Yes	NONE
C++	Messaging	Wormhole::Encoder	Yes	Yes	Yes	N/A	N/A	N/A	N/A	N/A	N/A	NONE
C++	Messaging	Wormhole::MessageHandler	Yes	Yes	Yes	N/A	N/A	N/A	N/A	N/A	N/A	New in 3.2
C++	Messaging	Wormhole::MessageProtocol	Yes	Yes	Yes	N/A	N/A	N/A	N/A	N/A	N/A	NONE
C++	Messaging	Wormhole::MessageStream	Yes	Yes	Yes	N/A	N/A	N/A	N/A	N/A	N/A	NONE
C++	Messaging	Wormhole::MessageStreamJSON	Yes	Yes	Yes	N/A	N/A	N/A	N/A	N/A	N/A	NONE
C++	Messaging	Wormhole::WebViewMessage	Yes	Yes	No	N/A	N/A	N/A	N/A	N/A	N/A	Deprecated (use Wormhole::MessageStream, Wormhole::MessageStreamJSON)
C++	Moblet	MAUtil::Moblet	Yes	Yes	Yes	Yes	Yes	Yes	Yes	Yes	Yes	NONE
C++	Moblet	Wormhole::CustomMoblet	Yes	Yes	Yes	Yes	Yes	Yes	Yes	Yes	Yes	New in 3.2
C++	Moblet	Wormhole::HybridMoblet	Yes	Yes	Yes	N/A	N/A	N/A	N/A	N/A	N/A	New in 3.2
C++	Moblet	Wormhole::WebAppMoblet	Yes	Yes	Yes	N/A	N/A	N/A	N/A	N/A	N/A	Deprecated (use Wormhole:HybridMoblet)
HTML5	NativeUI	document.getNativeElementById	Yes	Yes	Yes	No	N/A	N/A	N/A	N/A	N/A	NONE
C	NativeUI	maWidgetAddChild	Yes	Yes	Yes	No	No	No	No	No	No	NONE
C	NativeUI	maWidgetDestroy	Yes	Yes	Yes	No	No	No	No	No	No	NONE
C	NativeUI	maWidgetGetProperty	Yes	Yes	Yes	No	No	No	No	No	No	NONE
C	NativeUI	MAWidgetHandle maWidgetCreate	Yes	Yes	Yes	No	No	No	No	No	No	NONE
C	NativeUI	maWidgetInsertChild	Yes	Yes	Yes	No	No	No	No	No	No	NONE
C	NativeUI	maWidgetModalDialogHide	Yes	Yes	No	No	No	No	No	No	No	NONE
C	NativeUI	maWidgetModalDialogShow	Yes	Yes	No	No	No	No	No	No	No	NONE
C	NativeUI	maWidgetRemoveChild	Yes	Yes	Yes	No	No	No	No	No	No	NONE
C	NativeUI	maWidgetScreenShow	Yes	Yes	Yes	No	No	No	No	No	No	NONE
C	NativeUI	maWidgetSetProperty	Yes	Yes	Yes	No	No	No	No	No	No	NONE
C	NativeUI	maWidgetStackScreenPop	Yes	Yes	Yes	No	No	No	No	No	No	NONE
C	NativeUI	maWidgetStackScreenPush	Yes	Yes	Yes	No	No	No	No	No	No	NONE
C	NativeUI	MAW_ACTIVITY_INDICATOR	Yes	Yes	Yes	No	No	No	No	No	No	NONE
C	NativeUI	MAW_BUTTON	Yes	Yes	Yes	No	No	No	No	No	No	NONE
C	NativeUI	MAW_CAMERA_PREVIEW	Yes	Yes	Yes	No	No	No	No	No	No	NONE
C	NativeUI	MAW_CHECK_BOX	Yes	Yes	Yes	No	No	No	No	No	No	NONE
C	NativeUI	MAW_DATE_PICKER	Yes	Yes	Yes	No	No	No	No	No	No	NONE
C	NativeUI	MAW_EDIT_BOX	Yes	Yes	Yes	No	No	No	No	No	No	NONE
C	NativeUI	MAW_GL2_VIEW	Yes	Yes	No	No	No	No	No	No	No	NONE
C	NativeUI	MAW_GL_VIEW	Yes	Yes	No	No	No	No	No	No	No	NONE
C	NativeUI	MAW_HORIZONTAL_LAYOUT	Yes	Yes	Yes	No	No	No	No	No	No	NONE
C	NativeUI	MAW_IMAGE	Yes	Yes	Yes	No	No	No	No	No	No	NONE
C	NativeUI	MAW_IMAGE_BUTTON	Yes	Yes	Yes	No	No	No	No	No	No	NONE
C	NativeUI	MAW_LABEL	Yes	Yes	Yes	No	No	No	No	No	No	NONE
C	NativeUI	MAW_LIST_VIEW	Yes	Yes	Yes	No	No	No	No	No	No	NONE
C	NativeUI	MAW_LIST_VIEW_ITEM	Yes	Yes	Yes	No	No	No	No	No	No	NONE
C	NativeUI	MAW_MAP	No	No	Yes	No	No	No	No	No	No	Yes = experimental
C	NativeUI	MAW_MAP_PIN	No	No	Yes	No	No	No	No	No	No	Yes = experimental
C	NativeUI	MAW_MODAL_DIALOG	Yes	Yes	Yes	No	No	No	No	No	No	NONE
C	NativeUI	MAW_NAV_BAR	Yes	Yes	Yes	No	No	No	No	No	No	NONE
C	NativeUI	MAW_NUMBER_PICKER	No	Yes	No	No	No	No	No	No	No	NONE
C	NativeUI	MAW_PROGRESS_BAR	Yes	Yes	Yes	No	No	No	No	No	No	NONE
C	NativeUI	MAW_RELATIVE_LAYOUT	Yes	Yes	Yes	No	No	No	No	No	No	NONE
C	NativeUI	MAW_SCREEN	Yes	Yes	Yes	No	No	No	No	No	No	NONE
C	NativeUI	MAW_SEARCH_BAR	Yes	Yes	No	No	No	No	No	No	No	NONE
C	NativeUI	MAW_SLIDER	Yes	Yes	Yes	No	No	No	No	No	No	NONE
C	NativeUI	MAW_STACK_SCREEN	Yes	Yes	Yes	No	No	No	No	No	No	NONE
C	NativeUI	MAW_TAB_SCREEN	Yes	Yes	Yes	No	No	No	No	No	No	NONE
C	NativeUI	MAW_TIME_PICKER	Yes	Yes	No	No	No	No	No	No	No	NONE
C	NativeUI	MAW_TOGGLE_BUTTON	Yes	N/A	Yes	No	No	No	No	No	No	NONE
C	NativeUI	MAW_VERTICAL_LAYOUT	Yes	Yes	Yes	No	No	No	No	No	No	NONE
C	NativeUI	MAW_VIDEO_VIEW	Yes	Yes	Yes	No	No	No	No	No	No	NONE
C	NativeUI	MAW_WEB_VIEW	Yes	Yes	Yes	No	No	No	No	No	No	NONE
HTML5	NativeUI	mosync.nativeui.*	Yes	Yes	Yes	No	N/A	N/A	N/A	N/A	N/A	NONE
C++	NativeUI	NativeUI::ActivityIndicator	Yes	Yes	Yes	No	N/A	No	N/A	No	N/A	NONE
C++	NativeUI	NativeUI::Button	Yes	Yes	Yes	No	N/A	No	N/A	No	N/A	NONE
C++	NativeUI	NativeUI::ButtonListener	Yes	Yes	Yes	No	N/A	No	N/A	No	N/A	NONE
C++	NativeUI	NativeUI::CameraPreview	Yes	Yes	No	No	N/A	No	N/A	No	N/A	NONE
C++	NativeUI	NativeUI::CheckBox	Yes	Yes	Yes	No	N/A	No	N/A	No	N/A	NONE
C++	NativeUI	NativeUI::CheckBoxListener	Yes	Yes	Yes	No	N/A	No	N/A	No	N/A	NONE
C++	NativeUI	NativeUI::Date	Yes	Yes	No	No	N/A	No	N/A	No	N/A	NONE
C++	NativeUI	NativeUI::DatePicker	Yes	Yes	Yes	No	N/A	No	N/A	No	N/A	NONE
C++	NativeUI	NativeUI::DatePickerListener	Yes	Yes	Yes	No	N/A	No	N/A	No	N/A	NONE
C++	NativeUI	NativeUI::Dialog	Yes	Yes	No	No	N/A	No	N/A	No	N/A	NONE
C++	NativeUI	NativeUI::DialogListener	Yes	Yes	No	No	N/A	No	N/A	No	N/A	NONE
C++	NativeUI	NativeUI::EditBox	Yes	Yes	Yes	No	N/A	No	N/A	No	N/A	NONE
C++	NativeUI	NativeUI::EditBoxListener	Yes	Yes	Yes	No	N/A	No	N/A	No	N/A	NONE
C++	NativeUI	NativeUI::GLView	Yes	Yes	No	No	N/A	No	N/A	No	N/A	NONE
C++	NativeUI	NativeUI::GLViewListener	Yes	Yes	No	No	N/A	No	N/A	No	N/A	NONE
C++	NativeUI	NativeUI::HorizontalLayout	Yes	Yes	Yes	No	N/A	No	N/A	No	N/A	NONE
C++	NativeUI	NativeUI::Image	Yes	Yes	Yes	No	N/A	No	N/A	No	N/A	NONE
C++	NativeUI	NativeUI::ImageButton	Yes	Yes	Yes	No	N/A	No	N/A	No	N/A	NONE
C++	NativeUI	NativeUI::Label	Yes	Yes	Yes	No	N/A	No	N/A	No	N/A	NONE
C++	NativeUI	NativeUI::LastError	Yes	Yes	Yes	No	N/A	No	N/A	No	N/A	NONE
C++	NativeUI	NativeUI::Layout	Yes	Yes	Yes	No	N/A	No	N/A	No	N/A	NONE
C++	NativeUI	NativeUI::ListView	Yes	Yes	Yes	No	N/A	No	N/A	No	N/A	NONE
C++	NativeUI	NativeUI::ListViewItem	Yes	Yes	Yes	No	N/A	No	N/A	No	N/A	NONE
C++	NativeUI	NativeUI::ListViewListener	Yes	Yes	Yes	No	N/A	No	N/A	No	N/A	NONE
C++	NativeUI	NativeUI::Map	No	Yes	Yes	No	N/A	No	N/A	No	N/A	New in 3.2
C++	NativeUI	NativeUI::MapListener	No	Yes	Yes	No	N/A	No	N/A	No	N/A	New in 3.2
C++	NativeUI	NativeUI::MapLocation	No	Yes	Yes	No	N/A	No	N/A	No	N/A	New in 3.2
C++	NativeUI	NativeUI::MapPin	No	Yes	Yes	No	N/A	No	N/A	No	N/A	New in 3.2
C++	NativeUI	NativeUI::MapPinListener	No	Yes	Yes	No	N/A	No	N/A	No	N/A	New in 3.2
C++	NativeUI	NativeUI::MapRegion	No	Yes	Yes	No	N/A	No	N/A	No	N/A	New in 3.2
C++	NativeUI	NativeUI::NavigationBar	Yes	Yes	No	No	N/A	No	N/A	No	N/A	NONE
C++	NativeUI	NativeUI::NavigationBarListener	Yes	Yes	No	No	N/A	No	N/A	No	N/A	NONE
C++	NativeUI	NativeUI::NumberPicker	No	Yes	Yes	No	N/A	No	N/A	No	N/A	NONE
C++	NativeUI	NativeUI::NumberPickerListener	No	Yes	Yes	No	N/A	No	N/A	No	N/A	NONE
C++	NativeUI	NativeUI::ProgressBar	Yes	Yes	Yes	No	N/A	No	N/A	No	N/A	NONE
C++	NativeUI	NativeUI::RadioButton	Yes	N/A	No	No	N/A	No	N/A	No	N/A	NONE
C++	NativeUI	NativeUI::RadioButton	Yes	N/A	No	No	N/A	No	N/A	No	N/A	NONE
C++	NativeUI	NativeUI::RadioGroup	Yes	N/A	No	No	N/A	No	N/A	No	N/A	NONE
C++	NativeUI	NativeUI::RatingBar	Yes	Yes	Yes	No	N/A	No	N/A	No	N/A	NONE
C++	NativeUI	NativeUI::Screen	Yes	Yes	Yes	No	N/A	No	N/A	No	N/A	NONE
C++	NativeUI	NativeUI::SearchBar	Yes	Yes	No	No	N/A	No	N/A	No	N/A	NONE
C++	NativeUI	NativeUI::SearchBarListener	Yes	Yes	No	No	N/A	No	N/A	No	N/A	NONE
C++	NativeUI	NativeUI::Slider	Yes	Yes	Yes	No	N/A	No	N/A	No	N/A	NONE
C++	NativeUI	NativeUI::SliderListener	Yes	Yes	Yes	No	N/A	No	N/A	No	N/A	NONE
C++	NativeUI	NativeUI::StackScreen	Yes	Yes	Yes	No	N/A	No	N/A	No	N/A	NONE
C++	NativeUI	NativeUI::StackScreenListener	Yes	Yes	Yes	No	N/A	No	N/A	No	N/A	NONE
C++	NativeUI	NativeUI::TabScreen	Yes	Yes	Yes	No	N/A	No	N/A	No	N/A	NONE
C++	NativeUI	NativeUI::TabScreenListener	Yes	Yes	Yes	No	N/A	No	N/A	No	N/A	NONE
C++	NativeUI	NativeUI::TextWidget	Yes	Yes	Yes	No	N/A	No	N/A	No	N/A	NONE
C++	NativeUI	NativeUI::TimePicker	Yes	Yes	Yes	No	N/A	No	N/A	No	N/A	NONE
C++	NativeUI	NativeUI::TimePickerListener	Yes	Yes	Yes	No	N/A	No	N/A	No	N/A	NONE
C++	NativeUI	NativeUI::ToggleButton	Yes	No	Yes	No	N/A	No	N/A	No	N/A	NONE
C++	NativeUI	NativeUI::ToggleButtonListener	Yes	No	Yes	No	N/A	No	N/A	No	N/A	NONE
C++	NativeUI	NativeUI::VerticalLayout	Yes	Yes	Yes	No	N/A	No	N/A	No	N/A	NONE
C++	NativeUI	NativeUI::VideoView	Yes	Yes	No	No	N/A	No	N/A	No	N/A	NONE
C++	NativeUI	NativeUI::VideoViewListener	Yes	Yes	No	No	N/A	No	N/A	No	N/A	NONE
C++	NativeUI	NativeUI::WebView	Yes	Yes	Yes	No	N/A	No	N/A	No	N/A	NONE
C++	NativeUI	NativeUI::WebViewListener	Yes	Yes	Yes	No	N/A	No	N/A	No	N/A	NONE
C++	NativeUI	NativeUI::Widget	Yes	Yes	Yes	No	N/A	No	N/A	No	N/A	NONE
C++	NativeUI	NativeUI::WidgetEventListener	Yes	Yes	Yes	No	N/A	No	N/A	No	N/A	NONE
C++	NativeUI	NativeUI::WidgetManager	Yes	Yes	Yes	No	N/A	No	N/A	No	N/A	NONE
C	Network	maConnect	Yes	Yes	Yes	Yes	Yes	Yes	Yes	Yes	Yes	NONE
C++	Network	MAUtil::ImageDownloader	Yes	Yes	Yes	Yes	Yes	Yes	Yes	Yes	Yes	NONE
C	NFC	maNFCAuthenticateMifareSector	Yes	N/A	N/A	No	N/A	N/A	N/A	No	N/A	NONE
C	NFC	maNFCBatchCommit	Yes	N/A	N/A	No	N/A	N/A	N/A	No	N/A	NONE
C	NFC	maNFCBatchRollback	Yes	N/A	N/A	No	N/A	N/A	N/A	No	N/A	NONE
C	NFC	maNFCBatchStart	Yes	N/A	N/A	No	N/A	N/A	N/A	No	N/A	NONE
C	NFC	maNFCCloseTag	Yes	N/A	N/A	No	N/A	N/A	N/A	No	N/A	NONE
C	NFC	maNFCConnectTag	Yes	N/A	N/A	No	N/A	N/A	N/A	No	N/A	NONE
C	NFC	maNFCCreateNDEFMessage	Yes	N/A	N/A	No	N/A	N/A	N/A	No	N/A	NONE
C	NFC	maNFCDestroyTag	Yes	N/A	N/A	No	N/A	N/A	N/A	No	N/A	NONE
C	NFC	maNFCGetMifareBlockCountInSector	Yes	N/A	N/A	No	N/A	N/A	N/A	No	N/A	NONE
C	NFC	maNFCGetMifareSectorCount	Yes	N/A	N/A	No	N/A	N/A	N/A	No	N/A	NONE
C	NFC	maNFCGetNDEFId	Yes	N/A	N/A	No	N/A	N/A	N/A	No	N/A	NONE
C	NFC	maNFCGetNDEFMessage	Yes	N/A	N/A	No	N/A	N/A	N/A	No	N/A	NONE
C	NFC	maNFCGetNDEFPayload	Yes	N/A	N/A	No	N/A	N/A	N/A	No	N/A	NONE
C	NFC	maNFCGetNDEFRecord	Yes	N/A	N/A	No	N/A	N/A	N/A	No	N/A	NONE
C	NFC	maNFCGetNDEFRecordCount	Yes	N/A	N/A	No	N/A	N/A	N/A	No	N/A	NONE
C	NFC	maNFCGetNDEFTnf	Yes	N/A	N/A	No	N/A	N/A	N/A	No	N/A	NONE
C	NFC	maNFCGetNDEFType	Yes	N/A	N/A	No	N/A	N/A	N/A	No	N/A	NONE
C	NFC	maNFCGetSize	Yes	N/A	N/A	No	N/A	N/A	N/A	No	N/A	NONE
C	NFC	maNFCGetTypedTag	Yes	N/A	N/A	No	N/A	N/A	N/A	No	N/A	NONE
C	NFC	maNFCIsReadOnly	Yes	N/A	N/A	No	N/A	N/A	N/A	No	N/A	NONE
C	NFC	maNFCIsType	Yes	N/A	N/A	No	N/A	N/A	N/A	No	N/A	NONE
C	NFC	maNFCMifareSectorToBlock	Yes	N/A	N/A	No	N/A	N/A	N/A	No	N/A	NONE
C	NFC	maNFCReadMifareBlocks	Yes	N/A	N/A	No	N/A	N/A	N/A	No	N/A	NONE
C	NFC	maNFCReadMifarePages	Yes	N/A	N/A	No	N/A	N/A	N/A	No	N/A	NONE
C	NFC	maNFCReadNDEFMessage	Yes	N/A	N/A	No	N/A	N/A	N/A	No	N/A	NONE
C	NFC	maNFCReadTag	Yes	N/A	N/A	No	N/A	N/A	N/A	No	N/A	NONE
C	NFC	maNFCSetNDEFId	Yes	N/A	N/A	No	N/A	N/A	N/A	No	N/A	NONE
C	NFC	maNFCSetNDEFPayload	Yes	N/A	N/A	No	N/A	N/A	N/A	No	N/A	NONE
C	NFC	maNFCSetNDEFTnf	Yes	N/A	N/A	No	N/A	N/A	N/A	No	N/A	NONE
C	NFC	maNFCSetNDEFType	Yes	N/A	N/A	No	N/A	N/A	N/A	No	N/A	NONE
C	NFC	maNFCSetReadOnly	Yes	N/A	N/A	No	N/A	N/A	N/A	No	N/A	NONE
C	NFC	maNFCStart	Yes	N/A	N/A	No	N/A	N/A	N/A	No	N/A	NONE
C	NFC	maNFCStop	Yes	N/A	N/A	No	N/A	N/A	N/A	No	N/A	NONE
C	NFC	maNFCTransceive	Yes	N/A	N/A	No	N/A	N/A	N/A	No	N/A	NONE
C	NFC	maNFCWriteMifareBlocks	Yes	N/A	N/A	No	N/A	N/A	N/A	No	N/A	NONE
C	NFC	maNFCWriteMifarePages	Yes	N/A	N/A	No	N/A	N/A	N/A	No	N/A	NONE
C	NFC	maNFCWriteNDEFMessage	Yes	N/A	N/A	No	N/A	N/A	N/A	No	N/A	NONE
C	Notification	maNotificationLocalCreate	Yes	Yes	No	No	N/A	No	No	No	No	NONE
C	Notification	maNotificationLocalDestroy	Yes	Yes	No	No	N/A	No	No	No	No	NONE
C	Notification	maNotificationLocalGetProperty	Yes	Yes	No	No	N/A	No	No	No	No	NONE
C	Notification	maNotificationLocalSchedule	Yes	Yes	No	No	N/A	No	No	No	No	NONE
C	Notification	maNotificationLocalSetProperty	Yes	Yes	No	No	N/A	No	No	No	No	NONE
C	Notification	maNotificationLocalUnschedule	Yes	Yes	No	No	N/A	No	No	No	No	NONE
C	Notification	maNotificationPushDestroy	Yes	Yes	No	No	N/A	No	No	No	No	NONE
C	Notification	maNotificationPushGetData	Yes	Yes	No	No	N/A	No	No	No	No	NONE
C	Notification	maNotificationPushGetIconBadge	N/A	Yes	No	No	N/A	No	No	No	No	NONE
C	Notification	maNotificationPushGetRegistration	Yes	Yes	No	No	N/A	No	No	No	No	NONE
C	Notification	maNotificationPushRegister	Yes	Yes	No	No	N/A	No	No	No	No	NONE
C	Notification	maNotificationPushSetDisplayFlag	Yes	N/A	No	No	N/A	No	No	No	No	NONE
C	Notification	maNotificationPushSetIconBadge	N/A	Yes	No	No	N/A	No	No	No	No	NONE
C	Notification	maNotificationPushSetMessageTitle	Yes	N/A	No	No	N/A	No	No	No	No	NONE
C	Notification	maNotificationPushSetTickerText	Yes	N/A	No	No	N/A	No	No	No	No	NONE
C	Notification	maNotificationPushUnregister	Yes	Yes	No	No	N/A	No	No	No	No	NONE
HTML5	Notification	notification.beep	Yes	Yes	No	No	N/A	N/A	N/A	N/A	N/A	NONE
HTML5	Notification	notification.vibrate	Yes	Yes	Yes	No	N/A	N/A	N/A	N/A	N/A	NONE
C++	Notification	Notification::LocalNotification	Yes	Yes	No	N/A	N/A	N/A	N/A	N/A	N/A	NONE
C++	Notification	Notification::LocalNotificationListener	Yes	Yes	No	N/A	N/A	N/A	N/A	N/A	N/A	NONE
C++	Notification	Notification::NotificationManager	Yes	Yes	No	N/A	N/A	N/A	N/A	N/A	N/A	NONE
C++	Notification	Notification::PushNotification	Yes	Yes	No	N/A	N/A	N/A	N/A	N/A	N/A	NONE
C++	Notification	Notification::PushNotificationListener	Yes	Yes	No	N/A	N/A	N/A	N/A	N/A	N/A	NONE
HTML5	Notification	PushNotificationManager.accountID	Yes	Yes	No	No	N/A	N/A	N/A	N/A	N/A	NONE
HTML5	Notification	PushNotificationManager.listener	Yes	Yes	No	No	N/A	N/A	N/A	N/A	N/A	NONE
HTML5	Notification	PushNotificationManager.register	Yes	Yes	No	No	N/A	N/A	N/A	N/A	N/A	NONE
HTML5	Notification	PushNotificationManager.types	Yes	Yes	No	No	N/A	N/A	N/A	N/A	N/A	NONE
HTML5	Notification	PushNotificationManager.unregister	Yes	Yes	No	No	N/A	N/A	N/A	N/A	N/A	NONE
C++	OpenGL	MAUtil::GLMoblet	Yes	Yes	Yes	No	No	No	No	No	N/A	WP7: Experimental
C	OS	maBringToForeground	No	No	N/A	Yes	Yes	No	No	Yes	No	NONE
C	OS	maExit	Yes	N/A	N/A	Yes	Yes	Yes	Yes	Yes	Yes	= gracefully handled
C	OS	maGetKeys	No	No	N/A	Yes	Yes	Yes	Yes	Yes	Yes	NONE
C	OS	maGetMilliSecondCount	Yes	Yes	Yes	Yes	Yes	Yes	Yes	Yes	Yes	NONE
C	OS	maGetSystemProperty	Yes	Yes	Yes	Yes	Yes	Yes	Yes	Yes	Yes	NONE
C	OS	maHomeScreenEventsOff	Yes	No	No	No	No	No	No	No	No	NONE
C	OS	maHomeScreenEventsOn	Yes	No	No	No	No	No	No	No	No	NONE
C	OS	maHomeScreenShortcutAdd	Yes	No	No	No	No	No	No	No	No	NONE
C	OS	maHomeScreenShortcutRemove	Yes	No	No	No	No	No	No	No	No	NONE
C	OS	maImagePickerOpen	Yes	Yes	No	No	No	No	No	No	No	NONE
C	OS	maKeyCaptureStart	No	No	No	No	No	No	No	No	No	NONE
C	OS	maKeyCaptureStop	No	No	No	No	No	No	No	No	No	NONE
C	OS	maKeypadIsLocked	No	N/A	No	No	No	No	No	Yes	Yes	NONE
C	OS	maLoadProgram	Yes	N/A	Yes	Yes	Yes	No	Yes	Yes	Yes	NONE
C	OS	maLockKeypad	No	N/A	No	Yes	Yes	No	N/A	Yes	Yes	NONE
C	OS	maMessageBox	Yes	Yes	Yes	No	No	No	No	No	No	NONE
C	OS	maOptionsBox	Yes	Yes	No	No	No	No	No	No	No	NONE
C	OS	maPlatformRequest	Yes	Yes	No	Yes	Yes	Yes	Yes	Yes	Yes	NONE
C	OS	maResetBacklight	No	No	No	Yes	Yes	No	No	Yes	Yes	NONE
C	OS	maSendToBackground	Yes	No	No	Yes	Yes	No	Yes	Yes	No	NONE
C	OS	maTextBox	Yes	Yes	Yes	Yes	Yes	Yes	Yes	Yes	Yes	NONE
C	OS	maUnlockKeypad	No	N/A	No	Yes	Yes	No	No	Yes	Yes	NONE
C++	OS	MAUtil::Environment	Yes	Yes	Yes	Yes	Yes	Yes	Yes	Yes	Yes	NONE
C++	OS	MAUtil::FocusListener	Yes	Yes	Yes	Yes	Yes	Yes	Yes	Yes	Yes	NONE
C++	OS	MAUtil::IdleListener	Yes	Yes	Yes	Yes	Yes	Yes	Yes	Yes	Yes	NONE
C++	OS	MAUtil::KeyListener	Yes	N/A	Yes	Yes	Yes	Yes	Yes	Yes	Yes	NONE
C++	OS	MAUtil::PointerListener	Yes	Yes	Yes	Yes	Yes	Yes	Yes	Yes	Yes	NONE
C++	OS	MAUtil::TextBoxListener	Yes	Yes	Yes	Yes	Yes	Yes	Yes	Yes	Yes	NONE
C++	OS	MAUtil::TimerListener	Yes	Yes	Yes	Yes	Yes	Yes	Yes	Yes	Yes	NONE
C	OS	maWait	Yes	Yes	Yes	Yes	Yes	Yes	Yes	Yes	Yes	NONE
C	OS	x	Yes	No	N/A	No	No	No	No	No	No	NONE
C	Panics	maPanic	Yes	Yes	Yes	Yes	Yes	Yes	Yes	Yes	Yes	NONE
C	PIM	maPimFieldType	Yes	Yes	No	Yes	Yes	No	Yes	Yes	No	NONE
C	PIM	maPimItemAddValue	Yes	Yes	No	Yes	Yes	No	Yes	Yes	No	NONE
C	PIM	maPimItemClose	Yes	Yes	No	Yes	Yes	No	Yes	Yes	No	NONE
C	PIM	maPimItemCreate	Yes	Yes	No	Yes	Yes	No	Yes	Yes	No	NONE
C	PIM	maPimItemFieldCount	Yes	Yes	No	Yes	Yes	No	Yes	Yes	No	NONE
C	PIM	maPimItemGetAttributes	Yes	Yes	No	Yes	Yes	No	Yes	Yes	No	NONE
C	PIM	maPimItemGetField	Yes	Yes	No	Yes	Yes	No	Yes	Yes	No	NONE
C	PIM	maPimItemGetLabel	Yes	Yes	No	Yes	Yes	No	Yes	Yes	No	NONE
C	PIM	maPimItemGetValue	Yes	Yes	No	Yes	Yes	No	Yes	Yes	No	NONE
C	PIM	maPimItemRemove	Yes	Yes	No	Yes	Yes	No	Yes	Yes	No	NONE
C	PIM	maPimItemRemoveValue	Yes	Yes	No	Yes	Yes	No	Yes	Yes	No	NONE
C	PIM	maPimItemSetLabel	Yes	Yes	No	Yes	Yes	No	Yes	Yes	No	NONE
C	PIM	maPimItemSetValue	Yes	Yes	No	Yes	Yes	No	Yes	Yes	No	NONE
C	PIM	maPimListClose	Yes	Yes	No	Yes	Yes	No	Yes	Yes	No	NONE
C	PIM	maPimListNext	Yes	Yes	No	Yes	Yes	No	Yes	Yes	No	NONE
C	PIM	maPimListOpen	Yes	Yes	No	Yes	Yes	No	Yes	Yes	No	NONE
C++	Purchase	IAP::Purchase	Yes	Yes	N/A	No	No	No	N/A	No	N/A	NONE
C++	Purchase	IAP::PurchaseListener	Yes	Yes	N/A	No	No	No	N/A	No	N/A	NONE
C++	Purchase	IAP::PurchaseManager	Yes	Yes	N/A	No	No	No	N/A	No	N/A	NONE
C++	Purchase	IAP::PurchaseManagerListener	Yes	Yes	N/A	No	No	No	N/A	No	N/A	NONE
C++	Purchase	IAP::Receipt	Yes	Yes	N/A	No	No	No	N/A	No	N/A	NONE
C	Purchase	maPurchaseCreate	Yes	Yes	N/A	No	No	No	N/A	No	N/A	NONE
C	Purchase	maPurchaseDestroy	Yes	Yes	N/A	No	No	No	N/A	No	N/A	NONE
C	Purchase	maPurchaseGetField	Yes	Yes	N/A	No	No	No	N/A	No	N/A	NONE
C	Purchase	maPurchaseGetName	Yes	Yes	N/A	No	No	No	N/A	No	N/A	NONE
C	Purchase	maPurchaseRequest	Yes	Yes	N/A	No	No	No	N/A	No	N/A	NONE
C	Purchase	maPurchaseRestoreTransactions	Yes	Yes	N/A	No	No	No	N/A	No	N/A	NONE
C	Purchase	maPurchaseSetPublicKey	Yes	Yes	N/A	No	No	No	N/A	No	N/A	NONE
C	Purchase	maPurchaseSetStoreURL	N/A	Yes	N/A	No	No	No	N/A	No	N/A	NONE
C	Purchase	maPurchaseSupported	Yes	Yes	N/A	No	No	No	N/A	No	N/A	NONE
C	Purchase	maPurchaseVErifyReceipt	Yes	Yes	N/A	No	No	No	N/A	No	N/A	NONE
C	Resources	maCopyData	Yes	Yes	No	Yes	Yes	Yes	Yes	Yes	Yes	NONE
C	Resources	maCreateData	Yes	Yes	Yes	Yes	Yes	Yes	Yes	Yes	Yes	NONE
C	Resources	maCreatePlaceholder	Yes	Yes	Yes	Yes	Yes	Yes	Yes	Yes	Yes	NONE
C	Resources	maDestroyObject	Yes	Yes	Yes	Yes	Yes	Yes	Yes	Yes	Yes	NONE
C	Resources	maFindLabel	Yes	Yes	Yes	Yes	Yes	Yes	Yes	Yes	Yes	NONE
C	Resources	maFreeObjectMemory	No	No	No	Yes	Yes	No	Yes	Yes	Yes	NONE
C	Resources	maGetDataSize	Yes	Yes	Yes	Yes	Yes	Yes	Yes	Yes	Yes	NONE
C	Resources	maLoadResources	Yes	N/A	No	Yes	Yes	No	Yes	Yes	Yes	NONE
C	Resources	maReadData	Yes	Yes	Yes	Yes	Yes	Yes	Yes	Yes	Yes	NONE
C	Resources	maReadStore	Yes	Yes	Yes	Yes	Yes	Yes	Yes	Yes	Yes	NONE
C	Resources	maWriteData	Yes	Yes	Yes	Yes	Yes	Yes	Yes	Yes	Yes	NONE
C	Screen	maScreenSetFullscreen	Yes	No	No	No	No	No	No	No	No	NONE
C	Screen	maScreenSetOrientation	Yes	No	No	No	No	No	No	No	No	NONE
C	Screen	maScreenStateEventsOff	Yes	No	No	No	No	No	No	No	No	NONE
C	Screen	maScreenStateEventsOn	Yes	No	No	No	No	No	No	No	No	NONE
C	Screen	maWidgetScreenAddOptionsMenuItem	Yes	No	Yes	No	No	No	No	No	No	NONE
HTML5	Sensor	accelerometer.clearWatch	Yes	Yes	Yes	No	N/A	N/A	N/A	N/A	N/A	NONE
HTML5	Sensor	accelerometer.getCurrentAcceleration	Yes	Yes	Yes	No	N/A	N/A	N/A	N/A	N/A	NONE
HTML5	Sensor	accelerometer.watchAcceleration	Yes	Yes	Yes	No	N/A	N/A	N/A	N/A	N/A	asynchronous only
HTML5	Sensor	compass.clearWatch	Yes	Yes	Yes	No	N/A	N/A	N/A	N/A	N/A	NONE
HTML5	Sensor	compass.getCurrentHeading	Yes	Yes	Yes	No	N/A	N/A	N/A	N/A	N/A	NONE
HTML5	Sensor	compass.watchHeading	Yes	Yes	Yes	No	N/A	N/A	N/A	N/A	N/A	NONE
C	Sensor	maSensorStart	Yes	Yes	No	No	No	No	No	No	No	NONE
C	Sensor	maSensorStop	Yes	Yes	No	No	No	No	No	No	No	NONE
C++	Sensor	MAUtil::SensorListener	Yes	Yes	No	No	No	No	No	No	No	NONE
HTML5	Sensor	navigator.findSensors	Yes	Yes	Yes	No	N/A	N/A	N/A	N/A	N/A	Yes = W3C compliant
C++	Server	MAUtil::Server	Yes	No	No	Yes	Yes	No	Yes	Yes	No	NONE
C++	Server	MAUtil::ServerListener	Yes	No	No	Yes	Yes	No	Yes	Yes	No	NONE
C	SMS	maSendTextSMS	Yes	Yes	Yes	Yes	Yes	Yes	Yes	Yes	Yes	NONE
C	Sound	maSoundGetVolume	Yes	Yes	No	Yes	Yes	Yes	Yes	Yes	Yes	NONE
C	Sound	maSoundIsPlaying	Yes	Yes	No	Yes	Yes	Yes	Yes	Yes	Yes	NONE
C	Sound	maSoundPlay	Yes	Yes	No	Yes	Yes	Yes	Yes	Yes	Yes	NONE
C	Sound	maSoundSetVolume	Yes	Yes	No	Yes	Yes	Yes	Yes	Yes	Yes	NONE
C	Sound	maSoundStop	Yes	Yes	No	Yes	Yes	Yes	Yes	Yes	Yes	NONE
C++	Sound	MAUtil::AudioDownloader	Yes	Yes	Yes	Yes	Yes	Yes	Yes	Yes	Yes	NONE
HTML5	Storage	Database*	Yes	Yes	No	No	N/A	N/A	N/A	N/A	N/A	Yes = W3C compliant
C	Storage	maCloseStore	Yes	Yes	Yes	Yes	Yes	Yes	Yes	Yes	Yes	NONE
C	Storage	maOpenStore	Yes	Yes	Yes	Yes	Yes	Yes	Yes	Yes	Yes	NONE
C++	Storage	MAUtil::DataHandler	Yes	Yes	Yes	Yes	Yes	Yes	Yes	Yes	Yes	NONE
C	Storage	maWriteStore	Yes	Yes	Yes	Yes	Yes	Yes	Yes	Yes	Yes	NONE
C++	String	MAUtil::BasicString Tchar	Yes	Yes	Yes	Yes	Yes	Yes	Yes	Yes	Yes	NONE
C++	String	MAUtil::StringData Tchar	Yes	Yes	Yes	Yes	Yes	Yes	Yes	Yes	Yes	NONE
C	String	strcmp	Yes	Yes	Yes	Yes	Yes	Yes	Yes	Yes	Yes	NONE
C	String	strcpy	Yes	Yes	Yes	Yes	Yes	Yes	Yes	Yes	Yes	NONE
C++	Testing	MATest::TestCase	Yes	Yes	Yes	Yes	Yes	Yes	Yes	Yes	Yes	NONE
C++	Testing	MATest::TestListener	Yes	Yes	Yes	Yes	Yes	Yes	Yes	Yes	Yes	NONE
C++	Testing	MATest::TestSuite	Yes	Yes	Yes	Yes	Yes	Yes	Yes	Yes	Yes	NONE
C++	Testing	MATest::XMLOutputTestListener	Yes	Yes	Yes	Yes	Yes	Yes	Yes	Yes	Yes	NONE
C++	Testing	Testify::DefaultListener	Yes	Yes	Yes	Yes	Yes	Yes	Yes	Yes	Yes	NONE
C++	Testing	Testify::Functor	Yes	Yes	Yes	Yes	Yes	Yes	Yes	Yes	Yes	NONE
C++	Testing	Testify::IDEListener	Yes	Yes	Yes	Yes	Yes	Yes	Yes	Yes	Yes	NONE
C++	Testing	Testify::ListenerHook	Yes	Yes	Yes	Yes	Yes	Yes	Yes	Yes	Yes	NONE
C++	Testing	Testify::Test	Yes	Yes	Yes	Yes	Yes	Yes	Yes	Yes	Yes	NONE
C++	Testing	Testify::TestCase	Yes	Yes	Yes	Yes	Yes	Yes	Yes	Yes	Yes	NONE
C++	Testing	Testify::TestFunction	Yes	Yes	Yes	Yes	Yes	Yes	Yes	Yes	Yes	NONE
C++	Testing	Testify::TestHook	Yes	Yes	Yes	Yes	Yes	Yes	Yes	Yes	Yes	NONE
C++	Testing	Testify::TestListener	Yes	Yes	Yes	Yes	Yes	Yes	Yes	Yes	Yes	NONE
C++	Testing	Testify::TestManager	Yes	Yes	Yes	Yes	Yes	Yes	Yes	Yes	Yes	NONE
C	Time	maLocalTime	Yes	Yes	Yes	Yes	Yes	Yes	Yes	Yes	Yes	NONE
C	Time	maTime	Yes	Yes	Yes	Yes	Yes	Yes	Yes	Yes	Yes	NONE
C++	Time	MAUtil::Environment::TimerEventInstance	Yes	Yes	Yes	Yes	Yes	Yes	Yes	Yes	Yes	NONE
C	Vibration	maVibrate	Yes	Yes	Yes	Yes	Yes	Yes	Yes	Yes	Yes	NONE
C++	XML	Mtx::Context	Yes	Yes	Yes	Yes	Yes	Yes	Yes	Yes	Yes	NONE
C++	XML	Mtx::ContextBase	Yes	Yes	Yes	Yes	Yes	Yes	Yes	Yes	Yes	NONE
C++	XML	Mtx::ContextW	Yes	Yes	Yes	Yes	Yes	Yes	Yes	Yes	Yes	NONE
C++	XML	Mtx::MtxListener	Yes	Yes	Yes	Yes	Yes	Yes	Yes	Yes	Yes	NONE
C++	XML	Mtx::SaxContext	Yes	Yes	Yes	Yes	Yes	Yes	Yes	Yes	Yes	NONE
C++	XML	Mtx::SaxContextBase	Yes	Yes	Yes	Yes	Yes	Yes	Yes	Yes	Yes	NONE
C++	XML	Mtx::SaxContextW	Yes	Yes	Yes	Yes	Yes	Yes	Yes	Yes	Yes	NONE
C++	XML	Mtx::SaxListener	Yes	Yes	Yes	Yes	Yes	Yes	Yes	Yes	Yes	NONE
C++	XML	Mtx::SaxListenerT Tchar	Yes	Yes	Yes	Yes	Yes	Yes	Yes	Yes	Yes	NONE
C++	XML	Mtx::SaxListenerW	Yes	Yes	Yes	Yes	Yes	Yes	Yes	Yes	Yes	NONE
C++	XML	Mtx::XmlListener	Yes	Yes	Yes	Yes	Yes	Yes	Yes	Yes	Yes	NONE
C++	XML	Mtx::XmlListenerT Tchar	Yes	Yes	Yes	Yes	Yes	Yes	Yes	Yes	Yes	NONE
C++	XML	Mtx::XmlListenerW	Yes	Yes	Yes	Yes	Yes	Yes	Yes	Yes	Yes	NONE
